<FindBugsFilter>
    <Match>
        <Bug pattern="UWF_FIELD_NOT_INITIALIZED_IN_CONSTRUCTOR" />
    </Match>
    <Match>
        <Bug pattern="SE_NO_SERIALVERSIONID" />
    </Match>
    <Match>
        <Bug pattern="URF_UNREAD_FIELD" />
    </Match>
    <Match>
        <Bug pattern="DM_CONVERT_CASE" />
    </Match>
    <Match>
        <Bug pattern="ST_WRITE_TO_STATIC_FROM_INSTANCE_METHOD" />
    </Match>
    <Match>
        <Bug pattern="DM_DEFAULT_ENCODING" />
    </Match>
</FindBugsFilter>
